age,workclass,fnlwgt,education,education_num,marital_status,occupation,relationship,race,sex,capital_gain,capital_loss,hours_per_week,native_country
46,Federal-gov,212120,Assoc-voc,11,Married-civ-spouse,Adm-clerical,Husband,White,Male,0,0,40,United-States
57,Private,114495,HS-grad,9,Married-civ-spouse,Exec-managerial,Husband,White,Male,0,0,60,United-States
56,Private,195668,10th,6,Married-civ-spouse,Other-service,Husband,White,Male,0,0,35,Cuba
58,Private,188982,HS-grad,9,Married-civ-spouse,Handlers-cleaners,Husband,Black,Male,0,0,20,United-States
31,Private,203488,Bachelors,13,Married-civ-spouse,Adm-clerical,Husband,White,Male,7298,0,50,United-States
21,Private,118401,Some-college,10,Never-married,Other-service,Not-in-family,White,Female,0,0,30,United-States
39,Private,236136,Assoc-voc,11,Divorced,Adm-clerical,Unmarried,Black,Female,0,0,40,United-States
37,Private,294919,Some-college,10,Divorced,Transport-moving,Not-in-family,White,Male,0,0,40,United-States
36,Private,169469,Some-college,10,Married-civ-spouse,Exec-managerial,Husband,White,Male,7298,0,40,United-States
65,,197883,10th,6,Married-civ-spouse,,Husband,White,Male,0,0,70,United-States
34,State-gov,278378,HS-grad,9,Married-civ-spouse,Transport-moving,Husband,Black,Male,0,0,40,United-States
70,Private,221603,Some-college,10,Widowed,Sales,Not-in-family,White,Female,0,0,34,United-States
43,Private,193494,Some-college,10,Married-civ-spouse,Prof-specialty,Husband,White,Male,0,0,40,United-States
53,Private,166386,Bachelors,13,Married-civ-spouse,Machine-op-inspct,Wife,Asian-Pac-Islander,Female,0,0,40,China
30,Private,114912,Bachelors,13,Married-civ-spouse,Exec-managerial,Husband,White,Male,3103,0,60,United-States
35,Private,166193,HS-grad,9,Divorced,Machine-op-inspct,Own-child,White,Male,0,0,40,United-States
23,Private,215395,HS-grad,9,Never-married,Machine-op-inspct,Not-in-family,White,Male,0,0,40,United-States
34,Private,304030,HS-grad,9,Married-civ-spouse,Adm-clerical,Husband,Black,Male,0,0,40,United-States
40,Self-emp-inc,182629,Bachelors,13,Divorced,Exec-managerial,Not-in-family,White,Male,0,0,40,United-States
46,Private,273575,Bachelors,13,Married-civ-spouse,Transport-moving,Husband,White,Male,15024,0,40,United-States
53,Private,137192,Bachelors,13,Divorced,Exec-managerial,Unmarried,Asian-Pac-Islander,Male,0,0,50,United-States
62,Self-emp-not-inc,182998,7th-8th,4,Married-civ-spouse,Craft-repair,Husband,White,Male,0,0,10,United-States
58,Self-emp-not-inc,274917,Masters,14,Widowed,Other-service,Not-in-family,White,Female,0,0,15,United-States
33,Private,158416,HS-grad,9,Never-married,Machine-op-inspct,Not-in-family,White,Male,0,0,40,United-States
28,Private,183802,HS-grad,9,Married-civ-spouse,Transport-moving,Husband,White,Male,0,0,55,United-States
43,Private,222971,5th-6th,3,Never-married,Machine-op-inspct,Unmarried,White,Female,0,0,40,Mexico
17,Private,127366,11th,7,Never-married,Sales,Own-child,White,Female,0,0,8,United-States
22,Private,324637,Some-college,10,Never-married,Sales,Not-in-family,White,Male,0,0,42,United-States
20,Private,266525,Some-college,10,Never-married,Prof-specialty,Other-relative,Black,Female,594,0,20,United-States
30,Private,149531,Some-college,10,Married-civ-spouse,Sales,Husband,White,Male,0,0,40,United-States
54,State-gov,137815,12th,8,Never-married,Other-service,Own-child,White,Male,4101,0,40,United-States
32,Private,177531,10th,6,Divorced,Other-service,Unmarried,Black,Female,0,0,23,United-States
29,Private,176037,Assoc-voc,11,Divorced,Tech-support,Not-in-family,Black,Male,14344,0,40,United-States
24,Private,210029,HS-grad,9,Never-married,Adm-clerical,Not-in-family,White,Female,0,2001,37,United-States
56,Private,182273,HS-grad,9,Married-civ-spouse,Machine-op-inspct,Husband,White,Male,0,0,40,United-States
30,Private,196342,Masters,14,Never-married,Prof-specialty,Not-in-family,White,Male,0,0,40,Ireland
35,Private,210945,HS-grad,9,Married-civ-spouse,Handlers-cleaners,Husband,White,Male,0,0,50,United-States
50,Private,285200,Some-college,10,Married-civ-spouse,Craft-repair,Husband,White,Male,0,1887,35,United-States
31,Private,106753,Assoc-voc,11,Married-civ-spouse,Craft-repair,Husband,White,Male,0,1740,40,United-States
52,Private,145271,Bachelors,13,Married-civ-spouse,Craft-repair,Husband,Asian-Pac-Islander,Male,0,0,40,United-States
30,Private,220148,HS-grad,9,Married-civ-spouse,Craft-repair,Husband,White,Male,0,1848,50,United-States
23,Private,112683,Some-college,10,Never-married,Sales,Own-child,White,Female,0,0,12,United-States
61,Private,213321,HS-grad,9,Married-civ-spouse,Protective-serv,Husband,White,Male,0,0,40,United-States
27,Private,298635,Masters,14,Married-civ-spouse,Prof-specialty,Husband,Asian-Pac-Islander,Male,0,0,40,Hong
48,Private,94342,Bachelors,13,Married-civ-spouse,Craft-repair,Husband,White,Male,0,0,55,United-States
64,Private,183513,HS-grad,9,Never-married,Adm-clerical,Not-in-family,White,Female,0,0,25,United-States
43,State-gov,206927,HS-grad,9,Married-civ-spouse,Prof-specialty,Husband,White,Male,0,0,40,United-States
18,,113185,11th,7,Never-married,,Own-child,White,Male,0,0,25,United-States
51,Self-emp-not-inc,149770,HS-grad,9,Divorced,Sales,Not-in-family,White,Female,0,0,44,United-States
37,Private,152909,Assoc-voc,11,Married-civ-spouse,Adm-clerical,Husband,White,Male,7688,0,40,United-States
46,Local-gov,377622,HS-grad,9,Married-civ-spouse,Other-service,Husband,White,Male,0,0,40,United-States
20,Private,189148,HS-grad,9,Married-civ-spouse,Handlers-cleaners,Husband,White,Male,0,0,48,United-States
45,Private,274689,10th,6,Married-civ-spouse,Craft-repair,Husband,White,Male,0,0,60,United-States
19,Self-emp-not-inc,45546,Some-college,10,Never-married,Sales,Own-child,White,Female,0,0,16,United-States
37,Private,360743,Some-college,10,Married-civ-spouse,Craft-repair,Husband,Black,Male,0,0,40,United-States
43,Self-emp-not-inc,32451,HS-grad,9,Married-civ-spouse,Craft-repair,Husband,White,Male,0,0,40,United-States
23,Private,278107,HS-grad,9,Married-civ-spouse,Machine-op-inspct,Husband,White,Male,0,1573,30,United-States
38,Private,168496,Assoc-acdm,12,Married-civ-spouse,Sales,Husband,White,Male,0,0,50,United-States
61,Private,339358,5th-6th,3,Married-civ-spouse,Farming-fishing,Other-relative,White,Female,0,0,45,Mexico
31,,283531,HS-grad,9,Divorced,,Unmarried,Black,Female,0,0,20,United-States
48,Private,154033,HS-grad,9,Divorced,Sales,Not-in-family,White,Female,0,0,52,United-States
21,Private,213015,HS-grad,9,Never-married,Handlers-cleaners,Other-relative,Black,Male,2176,0,40,United-States
45,Private,216626,HS-grad,9,Widowed,Machine-op-inspct,Unmarried,Other,Male,0,0,40,Columbia
90,Local-gov,214594,7th-8th,4,Married-civ-spouse,Protective-serv,Husband,White,Male,2653,0,40,United-States
37,Private,127772,Bachelors,13,Married-civ-spouse,Exec-managerial,Husband,White,Male,0,0,50,United-States
63,Federal-gov,124244,HS-grad,9,Widowed,Handlers-cleaners,Not-in-family,Black,Male,0,0,40,United-States
69,Self-emp-not-inc,58213,Bachelors,13,Married-civ-spouse,Prof-specialty,Husband,White,Male,20051,0,45,United-States
33,Self-emp-not-inc,118267,Assoc-acdm,12,Divorced,Sales,Not-in-family,White,Male,0,0,60,United-States
45,Private,1366120,Assoc-voc,11,Divorced,Other-service,Not-in-family,White,Female,0,0,8,United-States
27,Private,37599,Some-college,10,Never-married,Other-service,Not-in-family,White,Male,0,0,24,United-States
55,State-gov,169482,HS-grad,9,Married-civ-spouse,Farming-fishing,Husband,White,Male,0,0,40,United-States
44,,268804,HS-grad,9,Married-civ-spouse,,Husband,Black,Male,0,0,30,United-States
49,State-gov,391585,Bachelors,13,Married-civ-spouse,Exec-managerial,Husband,White,Male,15024,0,40,United-States
41,Private,104892,Some-college,10,Married-civ-spouse,Adm-clerical,Husband,White,Male,2829,0,40,United-States
39,Private,58972,Assoc-acdm,12,Divorced,Exec-managerial,Unmarried,White,Male,1506,0,40,United-States
37,Private,126675,Some-college,10,Married-civ-spouse,Exec-managerial,Husband,White,Male,0,0,57,United-States
37,Private,232614,HS-grad,9,Divorced,Other-service,Unmarried,Black,Female,0,0,30,United-States
27,Private,93235,HS-grad,9,Never-married,Sales,Not-in-family,White,Male,0,0,30,United-States
39,Local-gov,113253,Bachelors,13,Married-civ-spouse,Prof-specialty,Wife,White,Female,0,0,50,United-States
45,Self-emp-not-inc,188694,HS-grad,9,Married-civ-spouse,Exec-managerial,Husband,White,Male,0,0,40,United-States
17,,151141,10th,6,Never-married,,Own-child,White,Male,0,0,30,United-States
33,Private,149220,Assoc-voc,11,Never-married,Other-service,Unmarried,Black,Female,0,0,40,United-States
32,Private,303942,HS-grad,9,Married-civ-spouse,Machine-op-inspct,Husband,White,Male,0,0,40,United-States
55,Local-gov,168790,HS-grad,9,Married-civ-spouse,Transport-moving,Husband,White,Male,0,0,44,United-States
28,Private,66473,HS-grad,9,Divorced,Machine-op-inspct,Own-child,White,Male,0,0,40,United-States
41,Local-gov,33658,Some-college,10,Married-civ-spouse,Protective-serv,Husband,White,Male,0,0,45,United-States
18,,171748,Some-college,10,Never-married,,Own-child,Black,Female,0,0,24,United-States
19,Private,165115,HS-grad,9,Never-married,Sales,Not-in-family,White,Female,0,0,40,United-States
39,Private,230356,Bachelors,13,Never-married,Adm-clerical,Not-in-family,White,Female,0,0,40,United-States
47,Federal-gov,96854,Bachelors,13,Married-civ-spouse,Prof-specialty,Husband,White,Male,0,0,40,United-States
49,Private,211005,Some-college,10,Married-civ-spouse,Machine-op-inspct,Husband,Black,Male,0,0,60,United-States
24,Private,92609,Bachelors,13,Never-married,Exec-managerial,Own-child,White,Male,0,0,45,United-States
27,Private,130067,Some-college,10,Never-married,Exec-managerial,Not-in-family,White,Female,0,0,65,United-States
40,State-gov,177083,Masters,14,Never-married,Exec-managerial,Not-in-family,White,Female,0,0,35,United-States
50,Private,27484,HS-grad,9,Married-civ-spouse,Exec-managerial,Husband,White,Male,0,0,50,United-States
54,Private,174865,9th,5,Married-civ-spouse,Exec-managerial,Husband,White,Male,0,0,45,United-States
48,Self-emp-not-inc,309895,Some-college,10,Divorced,Handlers-cleaners,Own-child,White,Female,0,0,40,United-States
44,Private,167955,HS-grad,9,Married-civ-spouse,Craft-repair,Husband,White,Male,0,0,40,Poland
52,Private,117674,Bachelors,13,Never-married,Prof-specialty,Not-in-family,White,Male,0,0,38,United-States
29,Private,128509,HS-grad,9,Married-spouse-absent,Machine-op-inspct,Not-in-family,White,Female,0,0,38,El-Salvador
50,Local-gov,139296,11th,7,Never-married,Craft-repair,Unmarried,White,Male,0,0,40,United-States
29,,189765,5th-6th,3,Married-civ-spouse,,Wife,White,Female,0,0,40,United-States
50,Private,195690,HS-grad,9,Married-civ-spouse,Handlers-cleaners,Husband,White,Male,0,0,45,United-States
33,Private,255334,Bachelors,13,Married-civ-spouse,Prof-specialty,Husband,White,Male,0,0,25,United-States
19,Private,196119,HS-grad,9,Never-married,Sales,Own-child,White,Female,0,0,35,United-States
53,Private,72257,Some-college,10,Married-civ-spouse,Exec-managerial,Husband,White,Male,0,0,55,United-States
40,Private,119225,Assoc-voc,11,Married-civ-spouse,Prof-specialty,Husband,White,Male,0,0,40,United-States
30,Private,460408,Some-college,10,Married-civ-spouse,Sales,Husband,White,Male,0,1672,45,United-States
54,Private,279129,Some-college,10,Never-married,Tech-support,Not-in-family,White,Male,0,0,40,United-States
27,Private,189530,Some-college,10,Never-married,Sales,Own-child,White,Male,0,0,35,United-States
27,State-gov,194773,Masters,14,Never-married,Prof-specialty,Not-in-family,White,Female,0,0,50,Germany
29,Private,246974,Assoc-voc,11,Never-married,Tech-support,Not-in-family,White,Male,0,0,40,United-States
19,Private,252862,Assoc-voc,11,Never-married,Prof-specialty,Own-child,White,Female,0,0,40,United-States
32,Private,127384,Assoc-voc,11,Married-civ-spouse,Craft-repair,Husband,White,Male,0,0,55,United-States
18,Private,135924,Some-college,10,Never-married,Adm-clerical,Own-child,White,Male,0,0,40,United-States
30,Self-emp-not-inc,85708,HS-grad,9,Married-civ-spouse,Craft-repair,Husband,White,Male,0,0,40,United-States
52,Private,155983,Bachelors,13,Married-civ-spouse,Exec-managerial,Husband,White,Male,0,0,40,United-States
39,Private,188069,Bachelors,13,Married-civ-spouse,Machine-op-inspct,Husband,White,Male,0,0,40,
34,Private,516337,11th,7,Married-civ-spouse,Handlers-cleaners,Husband,White,Male,0,0,40,Mexico
46,Private,72619,Some-college,10,Married-civ-spouse,Exec-managerial,Wife,White,Female,0,0,40,United-States
25,Private,132661,Assoc-voc,11,Never-married,Adm-clerical,Own-child,White,Female,0,0,60,United-States
39,Private,206520,HS-grad,9,Never-married,Adm-clerical,Not-in-family,White,Male,0,0,45,United-States
26,Private,333677,Bachelors,13,Never-married,Exec-managerial,Own-child,White,Male,2463,0,35,United-States
31,Private,217460,HS-grad,9,Married-civ-spouse,Transport-moving,Husband,White,Male,0,0,45,United-States
24,Private,113466,Bachelors,13,Never-married,Adm-clerical,Own-child,White,Male,0,0,40,United-States
54,Self-emp-not-inc,172898,Prof-school,15,Married-civ-spouse,Prof-specialty,Husband,White,Male,5178,0,50,United-States
69,Local-gov,179813,10th,6,Married-civ-spouse,Transport-moving,Husband,White,Male,0,0,10,United-States
27,Private,105598,HS-grad,9,Never-married,Adm-clerical,Not-in-family,White,Male,0,0,40,United-States
20,Private,155775,HS-grad,9,Never-married,Craft-repair,Own-child,White,Male,0,0,30,United-States
26,Private,109080,Some-college,10,Married-civ-spouse,Sales,Husband,White,Male,0,0,60,United-States
32,Private,245482,HS-grad,9,Married-civ-spouse,Machine-op-inspct,Husband,Asian-Pac-Islander,Male,0,0,40,
65,Private,170939,Bachelors,13,Divorced,Prof-specialty,Not-in-family,White,Male,6723,0,40,United-States
18,,201299,Some-college,10,Never-married,,Own-child,White,Female,0,0,40,United-States
42,Private,115085,HS-grad,9,Married-civ-spouse,Adm-clerical,Husband,White,Male,0,0,50,United-States
40,Private,225660,Bachelors,13,Married-civ-spouse,Exec-managerial,Wife,White,Female,0,0,45,United-States
36,Private,187983,Bachelors,13,Married-civ-spouse,Prof-specialty,Wife,White,Female,0,0,40,United-States
39,Private,25803,Some-college,10,Married-civ-spouse,Sales,Husband,White,Male,0,0,55,United-States
36,Private,206521,Bachelors,13,Married-civ-spouse,Sales,Husband,White,Male,0,0,60,United-States
38,Private,114079,HS-grad,9,Married-civ-spouse,Sales,Husband,White,Male,0,0,44,United-States
24,Private,65743,Bachelors,13,Never-married,Adm-clerical,Not-in-family,White,Female,0,0,30,United-States
49,Private,98092,HS-grad,9,Married-civ-spouse,Craft-repair,Husband,White,Male,0,0,40,United-States
24,Local-gov,111450,10th,6,Never-married,Craft-repair,Unmarried,Black,Male,0,0,65,Haiti
47,Private,145886,Some-college,10,Divorced,Other-service,Unmarried,White,Female,0,0,40,United-States
20,Private,745817,Some-college,10,Never-married,Tech-support,Own-child,White,Female,0,0,15,United-States
55,Private,193568,HS-grad,9,Widowed,Adm-clerical,Not-in-family,White,Female,0,0,40,United-States
44,Private,180985,Bachelors,13,Married-civ-spouse,Prof-specialty,Husband,White,Male,0,0,50,
27,Private,215504,Bachelors,13,Married-civ-spouse,Sales,Husband,White,Male,0,1848,55,United-States
36,Private,416745,Assoc-acdm,12,Divorced,Exec-managerial,Not-in-family,White,Male,0,0,48,United-States
43,Private,257780,HS-grad,9,Married-civ-spouse,Adm-clerical,Husband,White,Male,0,0,40,United-States
40,Federal-gov,330174,Prof-school,15,Married-civ-spouse,Prof-specialty,Husband,White,Male,7688,0,40,United-States
45,Self-emp-inc,145697,Some-college,10,Married-civ-spouse,Sales,Husband,White,Male,0,0,30,United-States
30,Private,211028,HS-grad,9,Never-married,Adm-clerical,Not-in-family,White,Female,0,0,45,United-States
39,Self-emp-not-inc,178948,HS-grad,9,Married-civ-spouse,Farming-fishing,Wife,White,Female,0,0,50,United-States
19,Private,208513,HS-grad,9,Never-married,Craft-repair,Other-relative,White,Male,0,0,40,United-States
26,Private,203492,HS-grad,9,Divorced,Craft-repair,Not-in-family,White,Male,0,0,40,United-States
62,State-gov,265201,Bachelors,13,Divorced,Prof-specialty,Not-in-family,White,Male,0,0,40,United-States
40,Self-emp-not-inc,188436,HS-grad,9,Separated,Exec-managerial,Other-relative,White,Male,0,0,40,United-States
19,Private,231962,HS-grad,9,Never-married,Other-service,Unmarried,White,Male,0,0,40,United-States
26,Private,366900,HS-grad,9,Never-married,Craft-repair,Own-child,White,Male,0,0,40,United-States
49,Self-emp-not-inc,204241,Bachelors,13,Never-married,Sales,Not-in-family,White,Male,0,0,45,United-States
25,Private,124590,HS-grad,9,Never-married,Exec-managerial,Other-relative,White,Male,0,0,40,United-States
30,Private,55481,Masters,14,Never-married,Tech-support,Unmarried,White,Male,0,0,45,Nicaragua
69,Private,174474,10th,6,Separated,Machine-op-inspct,Not-in-family,White,Female,0,0,28,Peru
18,Private,298860,12th,8,Never-married,Handlers-cleaners,Own-child,White,Male,0,0,20,United-States
35,,163582,10th,6,Divorced,,Unmarried,White,Female,0,0,16,
44,Private,174283,Bachelors,13,Married-civ-spouse,Sales,Husband,White,Male,0,0,50,United-States
72,Private,157913,Bachelors,13,Married-civ-spouse,Protective-serv,Husband,White,Male,0,0,17,United-States
33,Self-emp-inc,239018,Doctorate,16,Married-civ-spouse,Prof-specialty,Husband,White,Male,0,0,60,United-States
28,Private,61435,HS-grad,9,Married-civ-spouse,Craft-repair,Husband,White,Male,0,0,45,United-States
36,Self-emp-inc,180477,Some-college,10,Married-civ-spouse,Exec-managerial,Husband,White,Male,0,0,50,United-States
32,Private,27882,Some-college,10,Never-married,Machine-op-inspct,Other-relative,White,Female,0,2205,40,Holand-Netherlands
26,Private,226288,Bachelors,13,Never-married,Adm-clerical,Not-in-family,White,Male,0,0,40,United-States
50,Private,256861,HS-grad,9,Married-civ-spouse,Sales,Husband,White,Male,0,0,80,United-States
19,Private,280146,Some-college,10,Never-married,Handlers-cleaners,Own-child,White,Male,0,0,20,United-States
35,State-gov,190895,HS-grad,9,Married-civ-spouse,Craft-repair,Husband,White,Male,0,0,40,United-States
45,State-gov,252208,HS-grad,9,Separated,Adm-clerical,Own-child,White,Female,0,0,40,United-States
62,,337721,HS-grad,9,Married-civ-spouse,,Husband,White,Male,0,0,8,United-States
47,Private,181307,Some-college,10,Married-civ-spouse,Sales,Husband,White,Male,99999,0,60,United-States
28,Self-emp-not-inc,212318,HS-grad,9,Never-married,Craft-repair,Not-in-family,White,Male,0,0,55,United-States
50,State-gov,276241,Bachelors,13,Married-civ-spouse,Exec-managerial,Husband,White,Male,0,0,40,United-States
65,Private,225580,HS-grad,9,Divorced,Sales,Not-in-family,White,Female,0,0,20,United-States
50,Private,125417,Assoc-acdm,12,Married-civ-spouse,Exec-managerial,Wife,Black,Female,0,0,40,United-States
43,Private,339767,Some-college,10,Married-civ-spouse,Other-service,Wife,White,Female,0,0,20,England
18,Private,309634,11th,7,Never-married,Other-service,Own-child,White,Female,0,0,22,United-States
31,Federal-gov,351141,HS-grad,9,Married-civ-spouse,Tech-support,Husband,White,Male,0,0,40,United-States
50,Private,155594,Assoc-acdm,12,Married-civ-spouse,Machine-op-inspct,Husband,White,Male,0,0,50,United-States
26,Self-emp-inc,242651,Some-college,10,Never-married,Sales,Not-in-family,White,Male,0,0,48,United-States
25,Private,178505,Some-college,10,Never-married,Exec-managerial,Other-relative,White,Female,0,1504,45,United-States
29,Private,250967,Assoc-voc,11,Married-civ-spouse,Machine-op-inspct,Husband,White,Male,0,0,40,United-States
47,Private,30840,Masters,14,Divorced,Prof-specialty,Not-in-family,White,Male,0,0,40,United-States
30,Private,152453,11th,7,Married-civ-spouse,Other-service,Husband,White,Male,0,0,40,Mexico
48,Private,190072,Some-college,10,Divorced,Exec-managerial,Not-in-family,White,Male,0,0,50,United-States
42,Private,236323,HS-grad,9,Divorced,Craft-repair,Unmarried,White,Female,0,0,40,United-States
33,Self-emp-not-inc,334744,Some-college,10,Married-civ-spouse,Craft-repair,Husband,White,Male,0,0,50,United-States
36,Private,95654,Bachelors,13,Married-civ-spouse,Prof-specialty,Wife,White,Female,0,0,50,Iran
31,Private,231826,HS-grad,9,Married-civ-spouse,Other-service,Husband,White,Male,0,0,52,Mexico
42,Private,190290,Assoc-acdm,12,Married-civ-spouse,Prof-specialty,Husband,White,Male,0,0,40,United-States
46,Local-gov,170092,Masters,14,Never-married,Prof-specialty,Not-in-family,White,Female,0,0,43,United-States
62,Private,29828,HS-grad,9,Married-civ-spouse,Transport-moving,Husband,White,Male,0,0,40,United-States
28,Private,194200,HS-grad,9,Married-civ-spouse,Exec-managerial,Husband,White,Male,0,0,70,United-States
25,Private,91709,Assoc-acdm,12,Never-married,Tech-support,Not-in-family,White,Female,0,0,45,United-States
35,Private,192251,HS-grad,9,Divorced,Adm-clerical,Own-child,White,Female,0,0,40,United-States
53,Private,283743,HS-grad,9,Married-civ-spouse,Transport-moving,Husband,White,Male,0,2002,40,United-States
36,Private,186819,Assoc-acdm,12,Married-civ-spouse,Craft-repair,Husband,White,Male,0,0,52,United-States
27,Private,230563,HS-grad,9,Never-married,Adm-clerical,Own-child,White,Female,0,0,40,United-States
45,Private,277434,Assoc-acdm,12,Widowed,Tech-support,Unmarried,White,Male,0,0,40,United-States
38,Private,111398,Bachelors,13,Married-civ-spouse,Prof-specialty,Wife,White,Female,7688,0,40,United-States
20,Private,130840,HS-grad,9,Never-married,Craft-repair,Own-child,White,Male,0,0,20,United-States
41,Self-emp-inc,236021,Bachelors,13,Married-civ-spouse,Prof-specialty,Husband,White,Male,15024,0,40,United-States
43,Private,144371,HS-grad,9,Married-civ-spouse,Handlers-cleaners,Husband,White,Male,0,0,42,United-States
51,Private,44000,Masters,14,Married-civ-spouse,Prof-specialty,Wife,White,Female,99999,0,50,United-States
56,Private,53366,7th-8th,4,Divorced,Transport-moving,Unmarried,White,Male,0,0,40,United-States
40,Private,207578,Assoc-acdm,12,Married-civ-spouse,Tech-support,Husband,White,Male,0,1977,60,United-States
49,Private,155489,Bachelors,13,Married-civ-spouse,Craft-repair,Husband,White,Male,0,0,40,United-States
51,Private,107123,7th-8th,4,Married-civ-spouse,Transport-moving,Husband,Black,Male,0,0,40,United-States
63,Private,171635,Bachelors,13,Married-civ-spouse,Sales,Husband,White,Male,0,0,40,United-States
21,Private,182823,Bachelors,13,Never-married,Sales,Own-child,White,Male,0,0,30,United-States
19,Private,45766,Some-college,10,Never-married,Handlers-cleaners,Not-in-family,White,Male,0,0,45,United-States
48,Private,146268,Bachelors,13,Married-civ-spouse,Adm-clerical,Husband,White,Male,7688,0,40,United-States
33,Private,99339,Assoc-acdm,12,Divorced,Adm-clerical,Not-in-family,White,Female,0,880,40,United-States
22,Private,180060,Bachelors,13,Never-married,Exec-managerial,Unmarried,White,Male,0,0,40,United-States
33,Private,198211,HS-grad,9,Married-civ-spouse,Exec-managerial,Husband,White,Male,0,0,40,United-States
57,Private,199572,11th,7,Married-civ-spouse,Machine-op-inspct,Husband,White,Male,0,0,40,United-States
38,Private,309230,Some-college,10,Married-civ-spouse,Craft-repair,Husband,White,Male,0,0,40,United-States
25,Private,199224,Bachelors,13,Married-civ-spouse,Prof-specialty,Husband,White,Male,0,0,45,United-States
25,Private,231357,HS-grad,9,Never-married,Adm-clerical,Not-in-family,White,Female,0,0,40,United-States
47,Private,246739,Bachelors,13,Married-civ-spouse,Exec-managerial,Husband,White,Male,99999,0,55,United-States
48,Federal-gov,247043,HS-grad,9,Divorced,Adm-clerical,Not-in-family,White,Male,0,0,40,United-States
40,Private,146659,HS-grad,9,Married-civ-spouse,Sales,Husband,White,Male,0,0,60,United-States
25,Private,232914,Bachelors,13,Married-civ-spouse,Adm-clerical,Wife,Black,Female,0,0,38,United-States
40,Private,118001,10th,6,Married-civ-spouse,Craft-repair,Husband,Black,Male,0,0,40,United-States
38,Private,108907,HS-grad,9,Divorced,Craft-repair,Not-in-family,White,Male,0,0,40,
26,Local-gov,150226,Bachelors,13,Never-married,Prof-specialty,Own-child,White,Female,0,0,35,United-States
43,Private,193882,Some-college,10,Never-married,Adm-clerical,Not-in-family,White,Male,0,0,55,United-States
66,Private,169435,HS-grad,9,Widowed,Craft-repair,Not-in-family,White,Male,0,0,16,United-States
39,State-gov,267581,HS-grad,9,Never-married,Other-service,Not-in-family,Black,Male,0,0,40,United-States
17,Private,165918,11th,7,Never-married,Handlers-cleaners,Own-child,White,Male,0,0,20,Peru
28,Private,210765,HS-grad,9,Never-married,Craft-repair,Own-child,White,Male,0,0,40,United-States
19,Local-gov,276973,Some-college,10,Never-married,Prof-specialty,Own-child,White,Female,0,0,20,United-States
40,Private,277647,Bachelors,13,Married-civ-spouse,Prof-specialty,Husband,White,Male,0,0,40,United-States
37,Private,197429,HS-grad,9,Married-civ-spouse,Handlers-cleaners,Husband,White,Male,0,0,45,United-States
41,Private,225978,Bachelors,13,Never-married,Prof-specialty,Not-in-family,Black,Male,0,0,40,United-States
30,Local-gov,108386,Assoc-voc,11,Married-civ-spouse,Protective-serv,Husband,White,Male,0,0,40,United-States
20,Private,184045,Some-college,10,Never-married,Sales,Unmarried,Black,Female,0,0,30,United-States
21,Private,201179,HS-grad,9,Never-married,Adm-clerical,Own-child,White,Male,0,0,40,United-States
47,Private,217161,HS-grad,9,Divorced,Other-service,Not-in-family,Black,Female,0,0,14,United-States
21,,278391,Some-college,10,Never-married,,Own-child,White,Male,0,0,16,United-States
32,,335427,Bachelors,13,Married-civ-spouse,,Wife,White,Female,0,0,20,United-States
19,,252292,HS-grad,9,Never-married,,Own-child,White,Male,0,0,40,United-States
72,Self-emp-not-inc,258761,HS-grad,9,Married-civ-spouse,Farming-fishing,Husband,White,Male,0,0,40,United-States
